tweet_id,author_id,created_at,text,clean_text
1911193116217929947,1772849405873557504,2025-04-12 23:02:01+00:00,"#SomaticHealing #TraumaRecovery
#traumatherapy #traumatherapist #mentalhealth #healingispossible #somatictherapy #somatictherapist #compassionateinquiry #somaticexpericing",somatichealing traumarecovery traumatherapy traumatherapist mentalhealth healingispossible somatictherapy somatictherapist compassionateinquiry somaticexpericing
1911193074929193240,16275858,2025-04-12 23:01:51+00:00,"RT @dlhampton: 5 Ways to Work With Your Mind to Stop Negative Thoughts https://t.co/pV5rW9nmOf

Instead of going to the scary places ur #mi‚Ä¶",rt ways to work with your mind to stop negative thoughts instead of going to the scary places ur mi
1911193025633493316,16275858,2025-04-12 23:01:40+00:00,"RT @dlhampton: Does Your Compassion Include Yourself? https://t.co/7gYG1KmmYA 

It's all OK. Extend yourself the same #kindness and #unders‚Ä¶",rt does your compassion include yourself its all ok extend yourself the same kindness and unders
1911193007925108874,16275858,2025-04-12 23:01:35+00:00,"RT @dlhampton: Sex Suicide and Serotonin https://t.co/kR5vAzCiXR

#divorce #depression #suicide #braininjury #amreading #mentalhealth #book‚Ä¶",rt sex suicide and serotonin divorce depression suicide braininjury amreading mentalhealth book
1911192956230389977,16275858,2025-04-12 23:01:23+00:00,"RT @dlhampton: How to Use Mindfulness as a Mentalhealth Tool to Beat Depression &amp; Anxiety
by Debbie Hampton https://t.co/6jYW7FySuG

You ca‚Ä¶",rt how to use mindfulness as a mentalhealth tool to beat depression amp anxiety by debbie hampton you ca
1911192933153575078,16275858,2025-04-12 23:01:18+00:00,"RT @dlhampton: How #Listening To Music Benefits Your Brain https://t.co/yOps4419IX

Because #music is structural, mathematical, and archite‚Ä¶",rt how listening to music benefits your brain because music is structural mathematical and archite
1911192908096503831,16275858,2025-04-12 23:01:12+00:00,"RT @dlhampton: 5 Ways To Improve Your Mental Health https://t.co/qO2n19404e

Your #mentalhealth impacts every part of your life. When you i‚Ä¶",rt ways to improve your mental health your mentalhealth impacts every part of your life when you i
1911192863603380697,16275858,2025-04-12 23:01:01+00:00,"RT @dlhampton: When you change the way you #think, you #change your brain and life. üëç üòä

Beat #Depression and #Anxiety by Changing Your Bra‚Ä¶",rt when you change the way you think you change your brain and life beat depression and anxiety by changing your bra
1911192670221013118,1906362308491608066,2025-04-12 23:00:15+00:00,"https://t.co/tJbB8gizwU

Going live! Tune in to hear some insight on decision paralysis, and how to combat it! #mentalhealth #socialhealth #positivity #twitch #streaming #vtuber",going live tune in to hear some insight on decision paralysis and how to combat it mentalhealth socialhealth positivity twitch streaming vtuber
1911192644186779991,1127938313061634049,2025-04-12 23:00:09+00:00,Don't wait‚Äîyour mental health matters. üíô Take the first step toward wellness. Book your appointment today! #YouMatter #MentalHealth https://t.co/a85gfFWWGQ,dont waityour mental health matters take the first step toward wellness book your appointment today youmatter mentalhealth
1911192538678964560,107899673,2025-04-12 22:59:44+00:00,"‚ÄúWhen God wants to bless you, He gives you people.‚Äù

Join us on 23 April to Take Charge of Your Life! https://t.co/xhwPGG7y4H

#ThriveTogether #Community #MentalHealth https://t.co/lUTJIFgMO9",when god wants to bless you he gives you people join us on april to take charge of your life thrivetogether community mentalhealth
1911191181092069815,1635583724837322752,2025-04-12 22:54:20+00:00,@GordonBrown #swindon #wiltshirepolice #newworldorder #agenda2030 #crewe #mentalhealth #devizes #salisbury #macclesfield #southswindon #swindonnorth #westswindon #oldtownswindon #swindontown #royalairforce #oxford #oxfordshire #gloucester #cirencester #cricklade #gwh https://t.co/ykJCfmitO7,swindon wiltshirepolice newworldorder agenda crewe mentalhealth devizes salisbury macclesfield southswindon swindonnorth westswindon oldtownswindon swindontown royalairforce oxford oxfordshire gloucester cirencester cricklade gwh
1911191171717607772,68688801,2025-04-12 22:54:18+00:00,"Master Your Mind: Overcoming Negative Thoughts
#MentalDiscipline #NegativeThoughts #MindsetMatters #OvercomingFear #SelfReflection #EmotionalWellbeing #PersonalGrowth #Mindfulness #MentalHealth #LifeSkills https://t.co/N8TzJqt8W1",master your mind overcoming negative thoughts mentaldiscipline negativethoughts mindsetmatters overcomingfear selfreflection emotionalwellbeing personalgrowth mindfulness mentalhealth lifeskills
1911190243799089178,1635583724837322752,2025-04-12 22:50:36+00:00,#PIP #DWP #ESA #Counciltax #winterfuelallowance #universalcredit #DisabilityBenefits #DisabilityRebellion #mentalhealth #devizes #salisbury #wiltshirepolice #stratton #macclesfield #cheshireeast #crewe #altrincham #swindon #southswindon #oldtownswindon https://t.co/hmdE8spWKH,pip dwp esa counciltax winterfuelallowance universalcredit disabilitybenefits disabilityrebellion mentalhealth devizes salisbury wiltshirepolice stratton macclesfield cheshireeast crewe altrincham swindon southswindon oldtownswindon
1911190184118329855,879210763365359618,2025-04-12 22:50:22+00:00,"I'm fighting to keep my car and stay on my feet after a tough time. If you can help, I'd be so grateful. Sharing this means the world too. Thank you for being there! ‚ù§
#fundraising #pleasehelp #thankful #MentalHealth #healing 
 https://t.co/T85RBoZgbU",im fighting to keep my car and stay on my feet after a tough time if you can help id be so grateful sharing this means the world too thank you for being there fundraising pleasehelp thankful mentalhealth healing
1911189941570187594,1903689416515969024,2025-04-12 22:49:24+00:00,"RT @AnnSilvers: Came across this quote again when I was searching my quotes file for a project on a totally different theme, but wanted to‚Ä¶",rt came across this quote again when i was searching my quotes file for a project on a totally different theme but wanted to
1911189752658972703,1895672361447301120,2025-04-12 22:48:39+00:00,"What's holding you back? Let's start your journey together today at https://t.co/QrdCpZW7Hk.

#depression #anxiety #ptsd #insomnia #mental https://t.co/N6oB3VOjWD",whats holding you back lets start your journey together today at depression anxiety ptsd insomnia mental
1911189323979825392,62929874,2025-04-12 22:46:57+00:00,"RT @KariJoys: Be Imperfectly Perfect!

#JoyTrain #Joy #Mindset #Quote #MentalHealth #Mindfulness #Blessed #SaturdayMorning #SaturdayMotivat‚Ä¶",rt be imperfectly perfect joytrain joy mindset quote mentalhealth mindfulness blessed saturdaymorning saturdaymotivat
1911189139426578606,377887839,2025-04-12 22:46:13+00:00,RT @533viking303: Adjusting and Recovering: How a Psychiatric Ward Can Mess You Up https://t.co/NuZNjh32dm #JFK #Kennedy #asylum #mentalhos‚Ä¶,rt adjusting and recovering how a psychiatric ward can mess you up jfk kennedy asylum mentalhos
1911188789508358249,1635583724837322752,2025-04-12 22:44:50+00:00,@GordonBrown #swindon #wiltshirepolice #newworldorder #agenda2030 #devizes #mentalhealth #devizes #salisbury #macclesfield #southswindon #swindonnorth #westswindon #oldtownswindon #swindontown #royalairforce #oxford #oxfordshire #gloucester #cirencester #cricklade #gwh https://t.co/kQflEL1tU8,swindon wiltshirepolice newworldorder agenda devizes mentalhealth devizes salisbury macclesfield southswindon swindonnorth westswindon oldtownswindon swindontown royalairforce oxford oxfordshire gloucester cirencester cricklade gwh
1911188771988480283,16275858,2025-04-12 22:44:46+00:00,"RT @LEAD_Coalition: How Positive Effects of #Gratitude Reduce Caregiver #Stress https://t.co/EX7Stwtd10 by @DailyCaring

#Alzheimers #demen‚Ä¶",rt how positive effects of gratitude reduce caregiver stress by alzheimers demen
1911188431876604251,1583445113254121472,2025-04-12 22:43:24+00:00,"#brainfog #chronicillness #chronicpain #anxiety¬†
#chronicfatigue #fibromyalgia #spoonie #fatigue
#brainhealth #mentalhealth #concentration
Restore Energy Levels and Clear Brain Fog
üëâ https://t.co/flVrmXZa67 üëà https://t.co/WpyadNngre",brainfog chronicillness chronicpain anxiety chronicfatigue fibromyalgia spoonie fatigue brainhealth mentalhealth concentration restore energy levels and clear brain fog
1911188206130753946,43715538,2025-04-12 22:42:31+00:00,"RT @CMHIconnect: Many of us remember Elijah as the prophet who called fire down from heaven; however, Elijah also experienced deep depressi‚Ä¶",rt many of us remember elijah as the prophet who called fire down from heaven however elijah also experienced deep depressi
1911187677816492228,1167140064771682305,2025-04-12 22:40:25+00:00,"RT @DannyGautama: If you ever feel down, get up and engage with the world. Go for a long walk, and start to observe the beautiful nature ar‚Ä¶",rt if you ever feel down get up and engage with the world go for a long walk and start to observe the beautiful nature ar
1911187654521340375,774361800804532224,2025-04-12 22:40:19+00:00,"RT @KariJoys: Be Imperfectly Perfect!

#JoyTrain #Joy #Mindset #Quote #MentalHealth #Mindfulness #Blessed #SaturdayMorning #SaturdayMotivat‚Ä¶",rt be imperfectly perfect joytrain joy mindset quote mentalhealth mindfulness blessed saturdaymorning saturdaymotivat
1911187626079531163,1867696044160536576,2025-04-12 22:40:12+00:00,Can you see what was going through Van Gogh's mind when he painted Les Irises? Himself looking at Purity (the only white flower in the painting). #VanGogh #LesIrises #Psychiatry #Psychology #MentalHealth https://t.co/wdUtJjhWq1,can you see what was going through van goghs mind when he painted les irises himself looking at purity the only white flower in the painting vangogh lesirises psychiatry psychology mentalhealth
1911186964390592591,808369805094858752,2025-04-12 22:37:35+00:00,"RT @LEAD_Coalition: How Positive Effects of #Gratitude Reduce Caregiver #Stress https://t.co/EX7Stwtd10 by @DailyCaring

#Alzheimers #demen‚Ä¶",rt how positive effects of gratitude reduce caregiver stress by alzheimers demen
1911186934182904273,1701440149530222592,2025-04-12 22:37:27+00:00,They ask why you're quiet... but never listen to the answer. Maybe because the truth isn't pretty. Maybe because it's easier to pretend the silence isn't screaming. #Loneliness #Rejection #MentalHealth #SocietyAndChaos https://t.co/7snaZtaqZD,they ask why youre quiet but never listen to the answer maybe because the truth isnt pretty maybe because its easier to pretend the silence isnt screaming loneliness rejection mentalhealth societyandchaos
1911186851748065717,1506661998469210121,2025-04-12 22:37:08+00:00,"RT @JesseParris5280: Denver cuts mental health services for first responders, citing budget concerns #DenverPoliceDepartment #Police #Menta‚Ä¶",rt denver cuts mental health services for first responders citing budget concerns denverpolicedepartment police menta
1911186851140079937,144338832,2025-04-12 22:37:08+00:00,"Stop Bullying and Amplify Positive Childhood Experiences Together https://t.co/Ib315T02dQ‚Ä¶
@tdahlborg
#stoppingbullying #PCES #ACES #childhealth #mentalhealth",stop bullying and amplify positive childhood experiences together stoppingbullying pces aces childhealth mentalhealth
1911186447136407674,1702314911240785920,2025-04-12 22:35:31+00:00,I shocked and pissed off my #exgirlfriend last night because I wouldn't give in to her and I called out her #emotional #blackmail. I'm proud of myself. #attaboy #mentalhealth #relationships,i shocked and pissed off my exgirlfriend last night because i wouldnt give in to her and i called out her emotional blackmail im proud of myself attaboy mentalhealth relationships
1911185816820252674,1092863863370833920,2025-04-12 22:33:01+00:00,"RT @LEAD_Coalition: #Stress survival guide for #caregiving

#Alzheimers #dementia #mentalhealth https://t.co/LhipndqZnG",rt stress survival guide for caregiving alzheimers dementia mentalhealth
1911185746985107852,1367018333271298053,2025-04-12 22:32:44+00:00,RT @MindOverStigma: I hope we all stay hopeful during these tough times ! Just witnessed how Shrek looks in the new movie and was not happy‚Ä¶,rt i hope we all stay hopeful during these tough times just witnessed how shrek looks in the new movie and was not happy
1911185721999732952,1367018333271298053,2025-04-12 22:32:38+00:00,RT @MindOverStigma: Hope everyone is enjoying the first month of spring! Take the advantage of this warm weather and go out! Hope everyone‚Ä¶,rt hope everyone is enjoying the first month of spring take the advantage of this warm weather and go out hope everyone
1911185646380531898,1367018333271298053,2025-04-12 22:32:20+00:00,"RT @MindOverStigma: Hi guys ! Remember the easiest way to boost your mood is to listen to hype songs, don‚Äôt start your day with a gloomy so‚Ä¶",rt hi guys remember the easiest way to boost your mood is to listen to hype songs dont start your day with a gloomy so
1911184869318922402,1171659473880059905,2025-04-12 22:29:15+00:00,"RT @LEAD_Coalition: #Stress survival guide for #caregiving

#Alzheimers #dementia #mentalhealth https://t.co/LhipndqZnG",rt stress survival guide for caregiving alzheimers dementia mentalhealth
1911184409501606342,983881867,2025-04-12 22:27:25+00:00,"Adorable vintage copy of ""Smile-A-Saurus! A Book About Feelings"" board book storybook. This is a super cute little book! There is a large pair of googly eyes that appear in the cut outs on each page.  https://t.co/04mwhoq74p #etsy #etsyshop #childrensbook #dinosaurs #mentalhealth",adorable vintage copy of smileasaurus a book about feelings board book storybook this is a super cute little book there is a large pair of googly eyes that appear in the cut outs on each page etsy etsyshop childrensbook dinosaurs mentalhealth
1911184242349846896,1890429632207306752,2025-04-12 22:26:46+00:00,"#ŸÇÿ™ŸÑŸàÿß_ÿßŸÑÿ≠Ÿäÿßÿ©üíîüáµüá∏

ŸÉŸÑŸÖÿßÿ™ ÿßŸÑÿ¥ÿßÿπÿ± ÿπŸÖÿßÿØ ÿ£ÿ®Ÿà ŸÜÿπŸÖÿ©
ÿ£ŸÑÿ≠ÿßŸÜ Ÿàÿ∫ŸÜÿßÿ°  
ÿ™Ÿàÿ≤Ÿäÿπ ŸàŸáŸÜÿØÿ≥ÿ© ÿµŸàÿ™Ÿäÿ© ŸÅŸáŸÖŸä ÿßŸÑÿ≥ŸÇÿß
ŸÖŸàŸÜÿ™ÿßÿ¨ Ÿàÿ£ÿ±ÿ¥ŸäŸÅ 

#explorepage‚ú® #exercise #gaza #palestine #followforfollowback #ÿ∫ÿ≤ÿ© #ÿ±ŸÅÿ≠ #ŸÅŸÑÿ≥ÿ∑ŸäŸÜ
STOPISRAELIWARCRIMES #Palestine  #IAmSeen #Gaza #MentalHealth #CeasefireNOW #notherngaza https://t.co/H70SrhVZ3b",ŸÇÿ™ŸÑŸàÿß_ÿßŸÑÿ≠Ÿäÿßÿ© ŸÉŸÑŸÖÿßÿ™ ÿßŸÑÿ¥ÿßÿπÿ± ÿπŸÖÿßÿØ ÿ£ÿ®Ÿà ŸÜÿπŸÖÿ© ÿ£ŸÑÿ≠ÿßŸÜ Ÿàÿ∫ŸÜÿßÿ° ÿ™Ÿàÿ≤Ÿäÿπ ŸàŸáŸÜÿØÿ≥ÿ© ÿµŸàÿ™Ÿäÿ© ŸÅŸáŸÖŸä ÿßŸÑÿ≥ŸÇÿß ŸÖŸàŸÜÿ™ÿßÿ¨ Ÿàÿ£ÿ±ÿ¥ŸäŸÅ explorepage exercise gaza palestine followforfollowback ÿ∫ÿ≤ÿ© ÿ±ŸÅÿ≠ ŸÅŸÑÿ≥ÿ∑ŸäŸÜ stopisraeliwarcrimes palestine iamseen gaza mentalhealth ceasefirenow notherngaza
1911184228005675258,1097171842111078410,2025-04-12 22:26:42+00:00,"RT @KariJoys: #Love is who you are! ‚ù§Ô∏è 

#JoyTrain #Joy #Kindness #MentalHealth #Mindfulness #Mindset #IAM #Quote #Blessed #spdc #SundayTho‚Ä¶",rt love is who you are joytrain joy kindness mentalhealth mindfulness mindset iam quote blessed spdc sundaytho
1911183948501164359,1171659473880059905,2025-04-12 22:25:36+00:00,"RT @KariJoys: Be Imperfectly Perfect!

#JoyTrain #Joy #Mindset #Quote #MentalHealth #Mindfulness #Blessed #SaturdayMorning #SaturdayMotivat‚Ä¶",rt be imperfectly perfect joytrain joy mindset quote mentalhealth mindfulness blessed saturdaymorning saturdaymotivat
1911183897485865069,1171659473880059905,2025-04-12 22:25:23+00:00,"RT @LEAD_Coalition: This is #caregiving: ""One of the best feelings in the world is knowing that someone is happy because of you.""

#Alzheim‚Ä¶",rt this is caregiving one of the best feelings in the world is knowing that someone is happy because of you alzheim
1911183798445744321,192258539,2025-04-12 22:25:00+00:00,"NEW POST: ‚ÄúLET‚ÄôS REMOVE IT FROM YOUR RECORDS, YOU‚ÄôVE CLEARLY RECOVERED FROM IT!‚Äù | HOW I HAVE OVERCOME 8 SYMPTOMS OF BORDERLINE PERSONALITY DISORDER &amp; HOW YOU CAN TOO
https://t.co/W1EZSGAV2G
#mentalhealth #recovery #BPD #EUPD https://t.co/st6jhvrKsP",new post lets remove it from your records youve clearly recovered from it how i have overcome symptoms of borderline personality disorder amp how you can too mentalhealth recovery bpd eupd
1911183792661742061,2340643513,2025-04-12 22:24:58+00:00,"New Drop üî• | Free PDF Guide
 Why Breathwork Helps Students Crush Exams
‚ú® Feel calmer. Focus better. Stress less.
üéì Whether you're revising or mid-exam meltdown, this 3-min read gives you tools that actually work.
üì• DM us to get your free guide

#MentalHealth https://t.co/InkQ3I8JJU",new drop free pdf guide why breathwork helps students crush exams feel calmer focus better stress less whether youre revising or midexam meltdown this min read gives you tools that actually work dm us to get your free guide mentalhealth
1911183597412995146,1910935654323888128,2025-04-12 22:24:12+00:00,"Feeling turned on when you‚Äôre stressed
isn‚Äôt something to be ashamed of.

When you‚Äôre tired,
it‚Äôs natural to crave closeness‚Äî
not attention, just warmth.

So before judging the feeling,
ask if you‚Äôve been kind to yourself lately.

#stressrelief #mentalhealth #selfcompassion https://t.co/Jj0U8ygC58",feeling turned on when youre stressed isnt something to be ashamed of when youre tired its natural to crave closeness not attention just warmth so before judging the feeling ask if youve been kind to yourself lately stressrelief mentalhealth selfcompassion
1911183539871310035,2373218737,2025-04-12 22:23:58+00:00,"LAUGHS CAN WAIT! Tough Love, Ivanka! ""DEAR IVANKA, Come get him""! https://t.co/ZnMj85jfCg #Ivanka #Trump #malignant #narcissists #paranoia #MentalHealth #25thAmendment #story #true #dementia #toughlove #daughterandfather #help #plea #tariffs #President",laughs can wait tough love ivanka dear ivanka come get him ivanka trump malignant narcissists paranoia mentalhealth thamendment story true dementia toughlove daughterandfather help plea tariffs president
1911183089444716775,83415857,2025-04-12 22:22:11+00:00,"RT @KariJoys: Be Imperfectly Perfect!

#JoyTrain #Joy #Mindset #Quote #MentalHealth #Mindfulness #Blessed #SaturdayMorning #SaturdayMotivat‚Ä¶",rt be imperfectly perfect joytrain joy mindset quote mentalhealth mindfulness blessed saturdaymorning saturdaymotivat
1911182540359999695,18359336,2025-04-12 22:20:00+00:00,"Be Imperfectly Perfect!

#JoyTrain #Joy #Mindset #Quote #MentalHealth #Mindfulness #Blessed #SaturdayMorning #SaturdayMotivation #SaturdayThoughts #ThinkBIGSundayWithMarsha RT @MPHickie https://t.co/uuga91lNa2",be imperfectly perfect joytrain joy mindset quote mentalhealth mindfulness blessed saturdaymorning saturdaymotivation saturdaythoughts thinkbigsundaywithmarsha rt
1911182290966761474,860880570,2025-04-12 22:19:00+00:00,RT @EikoFried: Systematic review of 10 #esketamine RCTs for #depression finds that ~40% of adverse events are omitted from publications‚Äînea‚Ä¶,rt systematic review of esketamine rcts for depression finds that of adverse events are omitted from publicationsnea
1911182271144489007,1635583724837322752,2025-04-12 22:18:56+00:00,#swindon #wiltshirepolice #southswindon #swindonnorth #agenda2030 #newworldorder #westswindon #swindontown #mentalhealth #devizes #salisbury #stratton #oxford #oxfordshire #chippenham #corsham #hereford #bath #lincoln #gloucester #cirencester #cricklade https://t.co/Y0fBmRFPdT,swindon wiltshirepolice southswindon swindonnorth agenda newworldorder westswindon swindontown mentalhealth devizes salisbury stratton oxford oxfordshire chippenham corsham hereford bath lincoln gloucester cirencester cricklade
1911181635460145546,1097171842111078410,2025-04-12 22:16:24+00:00,RT @melanie_korach: Something important to remember because none of us are perfect but we are all worthy of love. ü´∂üèª #StarfishClub #mentalh‚Ä¶,rt something important to remember because none of us are perfect but we are all worthy of love starfishclub mentalh
1911181628489318419,1545050601687420938,2025-04-12 22:16:22+00:00,You deserve more than crumbs. #KnowYourWorth #MentalHealth #Poetry https://t.co/R2Mgh2ze2B,you deserve more than crumbs knowyourworth mentalhealth poetry
1911181584431980754,89962967,2025-04-12 22:16:12+00:00,"#OnlineTherapist provides #OnlineMindfulnessTherapy sessions through Skype for the treatment of #anxiety, #depression, #OCD &amp; #addiction, #PTSD &amp; #stress and for promoting optimum #mentalhealth.
Contact me to schedule a video call session.
See:¬†https://t.co/wA24wSaK62",onlinetherapist provides onlinemindfulnesstherapy sessions through skype for the treatment of anxiety depression ocd amp addiction ptsd amp stress and for promoting optimum mentalhealth contact me to schedule a video call session see
1911181510767419554,1693286753925214208,2025-04-12 22:15:54+00:00,"RT @Pixi_Gags: Attachment Styles

#neurodiversefriends #animation #MentalHealth https://t.co/S9KMUzeEyZ",rt attachment styles neurodiversefriends animation mentalhealth
1911181491197120621,1693286753925214208,2025-04-12 22:15:50+00:00,"RT @Pixi_Gags: Landscape of Our Psyche
 
#neurodiversefriends #MentalHealth #animation #pixi_gags https://t.co/fnAWspx1Gq",rt landscape of our psyche neurodiversefriends mentalhealth animation pixi_gags
1911181282115022896,1537533633422147590,2025-04-12 22:15:00+00:00,"Many of us remember Elijah as the prophet who called fire down from heaven; however, Elijah also experienced deep depression.

Read More: [https://t.co/WXOyBVnzDO]

#cmhiconnect #MentalHealth #MentalHealthMatters",many of us remember elijah as the prophet who called fire down from heaven however elijah also experienced deep depression read more cmhiconnect mentalhealth mentalhealthmatters
1911180399511744946,928379384456794119,2025-04-12 22:11:29+00:00,"RT @GrandeBettina: Verlust ist keine #Depression!
Wer an #MECFS erkrankt ist, lebt tagein, tagaus mit Schmerzen, Einsamkeit,#PEM, extremer‚Ä¶",rt verlust ist keine depression wer an mecfs erkrankt ist lebt tagein tagaus mit schmerzen einsamkeitpem extremer
1911180386945613864,1171659473880059905,2025-04-12 22:11:26+00:00,"RT @KariJoys: Always leave a glitter trail of #Kindness.. 

#JoyTrain #Joy #Love #Blessed #MentalHealth #Mindfulness #IAM #Quote #ChooseLov‚Ä¶",rt always leave a glitter trail of kindness joytrain joy love blessed mentalhealth mindfulness iam quote chooselov
1911180218443739389,1214292607435563009,2025-04-12 22:10:46+00:00,J‚Äôai 19 ans #depression piti√© rendez moi mes 18 ans je suis pas bien https://t.co/SuiuZ1nc2I,jai ans depression piti√© rendez moi mes ans je suis pas bien
1911179971223306358,1845687363412037632,2025-04-12 22:09:47+00:00,RT @NyxAlthaea: Feel the shift instantly as these frequencies clear fatigue and awaken your inner power! The visuals are pure magic. üåü‚ú® #En‚Ä¶,rt feel the shift instantly as these frequencies clear fatigue and awaken your inner power the visuals are pure magic en
1911179864843161804,363221604,2025-04-12 22:09:22+00:00,"RT @SickNotWeak: What Silence Means for a Person With Mental Illness https://t.co/h3vh77FbNM

#SickNotWeak #MentalHealth https://t.co/b9kKb‚Ä¶",rt what silence means for a person with mental illness sicknotweak mentalhealth
1911179839865835921,1171659473880059905,2025-04-12 22:09:16+00:00,RT @melanie_korach: Something important to remember because none of us are perfect but we are all worthy of love. ü´∂üèª #StarfishClub #mentalh‚Ä¶,rt something important to remember because none of us are perfect but we are all worthy of love starfishclub mentalh
1911179619635790249,1450023453457739776,2025-04-12 22:08:23+00:00,"È¨±ÁóáÁä∂ÔºöÂ§ßÈò™Â∫úÂ†∫Â∏Ç„ÅÆK.N„Åï„Çì„ÅÆ‰ΩìÈ®ìË´á„Åß„Åô„ÄÇ

#ÈçºÁÅ∏ #Èçº #„ÅØ„Çä #„Åç„ÇÖ„ÅÜ #ÂêπÁî∞ÈçºÁÅ∏ #‰ºùÁµ±ÈçºÁÅ∏ #Êù±Ê¥ãÂåªÂ≠¶ #‰∏≠ÂåªÂ≠¶ #acupuncture #medicine #ÂêπÁî∞ #JRÂêπÁî∞ÈßÖ #Ê•ìÂ∫µ #È¨± #„ÅÜ„Å§ #È¨±ÁóáÁä∂ #Ëá™ÂæãÁ•ûÁµåÂ§±Ë™øÁóá #Á≤æÁ•ûÁñæÊÇ£ #depression #‰ΩìÈ®ìË´á

https://t.co/VdNKjjPUsZ",È¨±ÁóáÁä∂Â§ßÈò™Â∫úÂ†∫Â∏Ç„ÅÆkn„Åï„Çì„ÅÆ‰ΩìÈ®ìË´á„Åß„Åô ÈçºÁÅ∏ Èçº „ÅØ„Çä „Åç„ÇÖ„ÅÜ ÂêπÁî∞ÈçºÁÅ∏ ‰ºùÁµ±ÈçºÁÅ∏ Êù±Ê¥ãÂåªÂ≠¶ ‰∏≠ÂåªÂ≠¶ acupuncture medicine ÂêπÁî∞ jrÂêπÁî∞ÈßÖ Ê•ìÂ∫µ È¨± „ÅÜ„Å§ È¨±ÁóáÁä∂ Ëá™ÂæãÁ•ûÁµåÂ§±Ë™øÁóá Á≤æÁ•ûÁñæÊÇ£ depression ‰ΩìÈ®ìË´á
1911179617248985397,1171659473880059905,2025-04-12 22:08:23+00:00,"RT @KariJoys: WhooHoo! It's #Friday!

#JoyTrain #Joy #Love #Mindset #MentalHealth #Mindfulness #IAM #Quote #Quotes #Blessed #spdc #IDWP #FF‚Ä¶",rt whoohoo its friday joytrain joy love mindset mentalhealth mindfulness iam quote quotes blessed spdc idwp ff
1911179556418957730,2822970038,2025-04-12 22:08:08+00:00,"When you feel shame for feeling shame about feeling shame, that‚Äôs a true shame spiral 

#MentalHealth #shame #cptsd #funny #humor",when you feel shame for feeling shame about feeling shame thats a true shame spiral mentalhealth shame cptsd funny humor
1911179351929868628,1583445113254121472,2025-04-12 22:07:20+00:00,"#brainfog #chronicillness #chronicpain #anxiety¬†
#chronicfatigue #fibromyalgia #spoonie #fatigue
#brainhealth #mentalhealth #concentration
Banish Brain Fog with a Simple Solution
üëâ https://t.co/CKtFHj1Lfp üëà https://t.co/vgyiw3LUqB",brainfog chronicillness chronicpain anxiety chronicfatigue fibromyalgia spoonie fatigue brainhealth mentalhealth concentration banish brain fog with a simple solution
1911179339279864233,1906980425194717185,2025-04-12 22:07:17+00:00,"RT @BFI_Impact: Proud to support @heartfulness ! With #BFI‚Äôs partnership, their helpline provides vital mental wellness support, guiding th‚Ä¶",rt proud to support with bfis partnership their helpline provides vital mental wellness support guiding th
1911179029933179286,1909029346138087424,2025-04-12 22:06:03+00:00,"RT @zphibSNZ: Please join us! 
Register here: https://t.co/S8Vyo9ibT4
#angryblackwoman #blackwomen #blackwoman #zetaphibeta #NYSZetas #Atla‚Ä¶",rt please join us register here angryblackwoman blackwomen blackwoman zetaphibeta nyszetas atla
1911179011004186928,1166184584981045248,2025-04-12 22:05:58+00:00,"RT @LEAD_Coalition: Please re-Tweet if you can imagine the weight of #grief carried by so many due to #dementia.

#Alzheimers #mentalhealth‚Ä¶",rt please retweet if you can imagine the weight of grief carried by so many due to dementia alzheimers mentalhealth
1911178930691739919,1166184584981045248,2025-04-12 22:05:39+00:00,"RT @LEAD_Coalition: How Positive Effects of #Gratitude Reduce Caregiver #Stress https://t.co/EX7Stwtd10 by @DailyCaring

#Alzheimers #demen‚Ä¶",rt how positive effects of gratitude reduce caregiver stress by alzheimers demen
1911178596875702345,1171659473880059905,2025-04-12 22:04:20+00:00,"RT @KariJoys: Choose #Empathy over Judgement! 

#JoyTrain #Joy #Love #Kindness #MentalHealth #Mindfulness #Mindset #IAM #Blessed #ChooseLov‚Ä¶",rt choose empathy over judgement joytrain joy love kindness mentalhealth mindfulness mindset iam blessed chooselov
1911178433280802819,1456789123184869380,2025-04-12 22:03:41+00:00,"RT @Maahokgit: Just $413 away from my $1,000 goal for The Distinguished Gentleman‚Äôs Ride!

I‚Äôm riding for men‚Äôs mental health, for friends‚Ä¶",rt just away from my goal for the distinguished gentlemans ride im riding for mens mental health for friends
1911178208936075713,879555559313203200,2025-04-12 22:02:47+00:00,"RT @r_albeke: Give us a #follow to see which way we're growing now! Don't miss it!
#change #love #motivation #life #growth #inspiration #mi‚Ä¶",rt give us a follow to see which way were growing now dont miss it change love motivation life growth inspiration mi
1911178091994509376,1171659473880059905,2025-04-12 22:02:19+00:00,"RT @KariJoys: #Love is who you are! ‚ù§Ô∏è 

#JoyTrain #Joy #Kindness #MentalHealth #Mindfulness #Mindset #IAM #Quote #Blessed #spdc #SundayTho‚Ä¶",rt love is who you are joytrain joy kindness mentalhealth mindfulness mindset iam quote blessed spdc sundaytho
1911178068678389948,1635583724837322752,2025-04-12 22:02:14+00:00,@GordonBrown #Newworldorder #agenda2030 #edinburgh #aberdeen #glasgow #inverness #ayr #dundee #kilmarnock #fife #falkirk #lossiemouth #royalairforce #scotland #wiltshirepolice #mentalhealth #devizes #salisbury #swindon #southswindon #swindonnorth #gloucester #crewe https://t.co/87Lm5BFDuD,newworldorder agenda edinburgh aberdeen glasgow inverness ayr dundee kilmarnock fife falkirk lossiemouth royalairforce scotland wiltshirepolice mentalhealth devizes salisbury swindon southswindon swindonnorth gloucester crewe
1911178022071189568,429112432,2025-04-12 22:02:03+00:00,"@whiteworld23 @whiteworld23, acknowledging the complexity of our experiences is crucial for growth. Embracing both light and shadow fosters resilience and empathy, enriching our journey together. Let's keep this dialogue open.  #MentalHealth",acknowledging the complexity of our experiences is crucial for growth embracing both light and shadow fosters resilience and empathy enriching our journey together lets keep this dialogue open mentalhealth
1911178020536066372,114925260,2025-04-12 22:02:02+00:00,"#YA #Teen #ImposterSyndrome #RealSelf #MentalHealth #Isolation  Everyone thinks he‚Äôs fine. He‚Äôs not. Behind the popularity &amp; charm is a teen breaking under pressure. A powerful story of hidden trauma, quiet strength &amp; the courage to ask for help.  https://t.co/s8WgKnT7mN https://t.co/5V5ml9jkih",ya teen impostersyndrome realself mentalhealth isolation everyone thinks hes fine hes not behind the popularity amp charm is a teen breaking under pressure a powerful story of hidden trauma quiet strength amp the courage to ask for help
1911177958066168128,1171659473880059905,2025-04-12 22:01:47+00:00,"RT @nickystevo: It‚Äôs often the deepest pain which empowers you to grow into your highest self! 
#positive #mentalhealth #mindset #joytrain‚Ä¶",rt its often the deepest pain which empowers you to grow into your highest self positive mentalhealth mindset joytrain
1911177930295726467,1171659473880059905,2025-04-12 22:01:41+00:00,"RT @KariJoys: The best medicine for humans is #LOVE. 

#JoyTrain #JOY #Mindset #Kindness #MentalHealth #Mindfulness #IAM #Blessed #Quote #I‚Ä¶",rt the best medicine for humans is love joytrain joy mindset kindness mentalhealth mindfulness iam blessed quote i
1911177833621135497,1171659473880059905,2025-04-12 22:01:18+00:00,"RT @KariJoys: The most powerful force in the #Universe: #LOVE! ‚ù§Ô∏è 

#JoyTrain #Joy #Blessed #IDWP #Quote #MentalHealth #Mindset  #Mindfulne‚Ä¶",rt the most powerful force in the universe love joytrain joy blessed idwp quote mentalhealth mindset mindfulne
1911177799580430481,1171659473880059905,2025-04-12 22:01:10+00:00,"RT @KariJoys: #Love is the key!

#JoyTrain #Joy #MentalHealth #Quote #Mindfulness #Blessed #Mindset #SundayVibes #SundayMorning #SundayMoti‚Ä¶",rt love is the key joytrain joy mentalhealth quote mindfulness blessed mindset sundayvibes sundaymorning sundaymoti
1911177797122347494,191199885,2025-04-12 22:01:09+00:00,"Understanding that both light and shadow are part of being human helps us navigate life's journey.
Remember: You're not alone.

Need support?
Lifeline: 13 11 14

üéß Listen now:
https://t.co/9JcKaupjTO

#MentalHealth #LeadingOurOwnWay https://t.co/x0wYi7zFJb",understanding that both light and shadow are part of being human helps us navigate lifes journey remember youre not alone need support lifeline listen now mentalhealth leadingourownway
1911177757708497073,1171659473880059905,2025-04-12 22:01:00+00:00,"RT @KariJoys: #Love is alignment!

#JoyTrain #Joy #Love #Blessed #Quote #Quotes #MentalHealth #Mindfulness #IAM #Mindset #Blessed #SundayVi‚Ä¶",rt love is alignment joytrain joy love blessed quote quotes mentalhealth mindfulness iam mindset blessed sundayvi
1911177732899090781,1171659473880059905,2025-04-12 22:00:54+00:00,"RT @KariJoys: Thousands of candles can be lit from a single #Candle. #Buddha 

#JoyTrain #Joy #Love #Blessed #Quote #Quotes #MentalHealth #‚Ä¶",rt thousands of candles can be lit from a single candle buddha joytrain joy love blessed quote quotes mentalhealth
1911177611281371404,23130609,2025-04-12 22:00:25+00:00,"Great careers start with great training. We are committed to excellence in personal development for all our team members. Apply today in  Scottsdale, AZ for our PRN Behavioral Health Specialist Adolescents Days role here: https://t.co/l7FSL5Sy0M #MentalHealth #HealthcareJobs",great careers start with great training we are committed to excellence in personal development for all our team members apply today in scottsdale az for our prn behavioral health specialist adolescents days role here mentalhealth healthcarejobs
1911177606969303472,4832892941,2025-04-12 22:00:24+00:00,"What Silence Means for a Person With Mental Illness https://t.co/h3vh77FbNM

#SickNotWeak #MentalHealth https://t.co/b9kKbd8eMa",what silence means for a person with mental illness sicknotweak mentalhealth
1911177594646540430,1635583724837322752,2025-04-12 22:00:21+00:00,RT @Masonicnwo1: @GordonBrown #Newworldorder #agenda2030 #edinburgh #aberdeen #glasgow #inverness #ayr #dundee #kilmarnock #fife #falkirk #‚Ä¶,rt newworldorder agenda edinburgh aberdeen glasgow inverness ayr dundee kilmarnock fife falkirk
1911177576657178762,1908132882490474496,2025-04-12 22:00:16+00:00,"One-Sided Friendships: Are You Being Used? (The Harsh Truth)
#OneSidedFriendship #ToxicFriendships #FriendshipAdvice #RelationshipHelp #SelfRespect #MentalHealth #EmotionalWellbeing #FriendshipGoals #HealthyRelationships #Disappointment https://t.co/nnE6x0m1UQ",onesided friendships are you being used the harsh truth onesidedfriendship toxicfriendships friendshipadvice relationshiphelp selfrespect mentalhealth emotionalwellbeing friendshipgoals healthyrelationships disappointment
1911177558449611014,1171659473880059905,2025-04-12 22:00:12+00:00,"RT @KariJoys: The most powerful force in the #Universe: #LOVE! ‚ù§Ô∏è

#JoyTrain #Joy #Blessed #IDWP #Quote #MentalHealth #Mindset  #Mindfulnes‚Ä¶",rt the most powerful force in the universe love joytrain joy blessed idwp quote mentalhealth mindset mindfulnes
1911177536115003760,21332566,2025-04-12 22:00:07+00:00,"First Christian Church members have started a podcast, ""I'll Start,"" where people can talk about their mental health struggles,... #mentalhealth #wellbeing #mentalhealthstigma https://t.co/pu6izGvOIO",first christian church members have started a podcast ill start where people can talk about their mental health struggles mentalhealth wellbeing mentalhealthstigma
1911177515097530698,1288180873,2025-04-12 22:00:02+00:00,"The ‚Äúbad girl‚Äù approach to teenage pregnancy causes shame, depression, and avoidance of healthcare. Researcher Zoe Duby says community-driven solutions need to support girls rather than shame them. #MentalHealth #TeenPregnancy https://t.co/O9OgBSNhUV",the bad girl approach to teenage pregnancy causes shame depression and avoidance of healthcare researcher zoe duby says communitydriven solutions need to support girls rather than shame them mentalhealth teenpregnancy
1911177421274890591,1171659473880059905,2025-04-12 21:59:39+00:00,"RT @nickystevo: You may not be able to change your situation but you can change your mindset &amp; this changes everything! üòä

#positive #menta‚Ä¶",rt you may not be able to change your situation but you can change your mindset amp this changes everything positive menta
1911177389851509075,1635583724837322752,2025-04-12 21:59:32+00:00,@GordonBrown #Newworldorder #agenda2030 #edinburgh #aberdeen #glasgow #inverness #ayr #dundee #kilmarnock #fife #falkirk #lossiemouth #royalairforce #scotland #wiltshirepolice #mentalhealth #devizes #salisbury #swindon #southswindon #swindonnorth #gloucester #crewe https://t.co/Ax1fZlV6NZ,newworldorder agenda edinburgh aberdeen glasgow inverness ayr dundee kilmarnock fife falkirk lossiemouth royalairforce scotland wiltshirepolice mentalhealth devizes salisbury swindon southswindon swindonnorth gloucester crewe
1911177379612864985,1171659473880059905,2025-04-12 21:59:29+00:00,"RT @nickystevo: With determination greater than your fear, you not only learn to soar but you also learn to inspire üòä
#positive #mentalheal‚Ä¶",rt with determination greater than your fear you not only learn to soar but you also learn to inspire positive mentalheal
1911177366023401944,1171659473880059905,2025-04-12 21:59:26+00:00,"RT @KariJoys: Show that you care!

#JoyTrain #Joy #Love #Mindset #Quote #MentalHealth #Mindfulness #Blessed #SaturdayMorning #SaturdayMotiv‚Ä¶",rt show that you care joytrain joy love mindset quote mentalhealth mindfulness blessed saturdaymorning saturdaymotiv
1911177324046778515,1171659473880059905,2025-04-12 21:59:16+00:00,"RT @nickystevo: That‚Äôs all I want in life, for this pain to seem purposeful üòä

#positive #mentalhealth #mindset #joytrain #successtrain #qu‚Ä¶",rt thats all i want in life for this pain to seem purposeful positive mentalhealth mindset joytrain successtrain qu
1911177300105658643,1171659473880059905,2025-04-12 21:59:10+00:00,"RT @KariJoys: #Love grows when #Kindness is planted.. 

#JoyTrain #Joy #Love #Kindness #Mindset #MentalHealth #Mindfulness #IAM #Quote #Quo‚Ä¶",rt love grows when kindness is planted joytrain joy love kindness mindset mentalhealth mindfulness iam quote quo
1911177287459807341,1171659473880059905,2025-04-12 21:59:07+00:00,"RT @KariJoys: Always #BeKind! 

#JoyTrain #Joy #MentalHealth #Mindfulness #Quote #spdc #Blessed  #Mindset #SaturdayMorning #SaturdayMotivat‚Ä¶",rt always bekind joytrain joy mentalhealth mindfulness quote spdc blessed mindset saturdaymorning saturdaymotivat
1911177272767521116,1171659473880059905,2025-04-12 21:59:04+00:00,RT @nickystevo: Those that criticise your life are often the same people that have no idea of the price you paid to get where you are ! üòä‚Ä¶,rt those that criticise your life are often the same people that have no idea of the price you paid to get where you are
1911177246489932126,1171659473880059905,2025-04-12 21:58:58+00:00,"RT @KariJoys: Just a little bit of #Love &amp; #Kindness.. 

#JoyTrain #Joy #Love #Blessed #MentalHealth #Mindfulness #IAM #Mindset #Quote #Quo‚Ä¶",rt just a little bit of love amp kindness joytrain joy love blessed mentalhealth mindfulness iam mindset quote quo
1911177081234330076,3853053749,2025-04-12 21:58:18+00:00,"Just $413 away from my $1,000 goal for The Distinguished Gentleman‚Äôs Ride!

I‚Äôm riding for men‚Äôs mental health, for friends I‚Äôve lost, &amp; those still struggling.

Help me hit the target or share the link! 

üëâ https://t.co/RsOwMcb0K6

#DGR2025 #MentalHealth",just away from my goal for the distinguished gentlemans ride im riding for mens mental health for friends ive lost amp those still struggling help me hit the target or share the link dgr mentalhealth
